Title,Type,Start_Date,Close_Date,Author
COMAC- Walmart XXX1,Tracker,7/20/2015,7/25/2015,Account Manager
COMAC- Walmart XXX2,Tracker,7/20/2015,7/25/2015,Account Manager
COMAC- Walmart XXX3,Tracker,7/20/2015,7/25/2015,Account Manager
COMAC- Walmart XXX4,Tracker,7/20/2015,7/25/2015,Account Manager
COMAC- Walmart XXX5,Tracker,7/20/2015,7/25/2015,Account Manager
COMAC- Walmart XXX6,Tracker,7/20/2015,7/25/2015,Account Manager
COMAC- Walmart XXX7,Tracker,7/20/2015,7/25/2015,Account Manager
Walmart,Pricing,7/27/2015,7/31/2015,Account Manager
Kroger,Pricing,7/27/2015,7/31/2015,Account Manager
Target,Pricing,7/27/2015,7/31/2015,Account Manager
