Product Level 4,Brand Level 4,Brand Level 2,Product Name,average,growth,returnPercent,returnUnits,tAct,thAct,fAct,sAct,mAct,tSug,thSug,fSug,sSug,mSug,totalAct,totalSug
BAGELS,,,,227,11.18,11.50,26,0,72,0,103,38,45,34,32,64,38,213,213
BAGELS,SARA LEE,,,90,-15.79,7.54,7,0,28,0,36,10,16,11,12,25,10,74,74
BAGELS,SARA LEE,SL FULL SIZ BAGELS,,90,-15.79,7.54,7,0,28,0,36,10,16,11,12,25,10,74,74
BAGELS,SARA LEE,SL FULL SIZ BAGELS,SL BLUEBRY BGL 6P20Z,29,-0.58,9.59,3,0,8,0,12,3,5,3,4,7,3,23,22
BAGELS,SARA LEE,SL FULL SIZ BAGELS,SL CINNRSN BGL 6P20Z,35,-6.81,1.94,1,0,12,0,12,4,6,5,4,10,4,28,29
BAGELS,SARA LEE,SL FULL SIZ BAGELS,SL EVRYTHG BGL 6P20Z,0,-100.00,0.00,0,0,0,0,0,0,0,0,0,0,0,0,0
BAGELS,SARA LEE,SL FULL SIZ BAGELS,SL HONWHE BGL 6P20Z,0,-100.00,0.00,0,0,0,0,0,0,0,0,0,0,0,0,0
BAGELS,SARA LEE,SL FULL SIZ BAGELS,SL PLAIN BGL 6P 20Z,26,-23.03,12.81,3,0,8,0,12,3,5,3,4,8,3,23,23
BAGELS,THOMAS BRANDS,,,138,40.54,14.07,19,0,44,0,67,28,29,23,20,39,28,139,139
BAGELS,THOMAS BRANDS,BAGELS 20OZ,,112,59.33,13.48,15,0,32,0,54,19,26,15,16,34,19,105,110
BAGELS,THOMAS BRANDS,BAGELS 20OZ,BAGEL BANANA 6P19Z,0,-96.43,0.00,0,0,0,0,0,0,0,0,0,0,0,0,0
BAGELS,THOMAS BRANDS,BAGELS 20OZ,BGL APPLE PIE 6P19Z,2,100.00,5.74,0,0,2,0,0,2,0,2,0,0,2,4,4
BAGELS,THOMAS BRANDS,BAGELS 20OZ,BGL CRANBERRY 6P19Z,2,100.00,18.56,0,0,0,0,0,0,0,0,0,0,0,0,0
BAGELS,THOMAS BRANDS,BAGELS 20OZ,BGL PUMPKIN SPIC6P19,2,740.00,1.19,0,0,0,0,0,0,0,0,0,0,0,0,0
BAGELS,THOMAS BRANDS,BAGELS 20OZ,BLUEBRY BGL 6P20Z,16,94.00,30.41,5,0,6,0,12,2,4,2,3,5,2,20,16
BAGELS,THOMAS BRANDS,BAGELS 20OZ,CIN RSN BGL 6P/20Z,25,109.52,11.36,3,0,6,0,8,3,6,3,4,8,3,17,24
BAGELS,THOMAS BRANDS,BAGELS 20OZ,CIN SWL BGL 6P 20Z,22,54.99,10.43,2,0,6,0,12,3,6,3,3,8,3,21,23
BAGELS,THOMAS BRANDS,BAGELS 20OZ,EVRTHNG BGL 6P/20Z,11,30.63,11.90,1,0,3,0,6,3,2,2,2,3,3,12,12
BAGELS,THOMAS BRANDS,BAGELS 20OZ,LTD ED BGL MFTST6P19,0,-95.95,0.00,0,0,0,0,0,0,0,0,0,0,0,0,0
BAGELS,THOMAS BRANDS,BAGELS 20OZ,PLAIN BGL 6P20Z,28,21.75,10.33,3,0,6,0,12,3,6,3,4,8,3,21,24
BAGELS,THOMAS BRANDS,BAGELS 20OZ,WHL WHT BGL 6P20Z,5,337.50,11.79,1,0,3,0,4,3,2,0,0,2,3,10,7
BAGELS,THOMAS BRANDS,MINI BAGELS,,14,6.86,10.66,2,0,6,0,7,6,0,6,0,3,6,19,15
BAGELS,THOMAS BRANDS,MINI BAGELS,BSC MINI BGL 10P 15Z,3,-22.84,16.76,1,0,2,0,2,2,0,2,0,0,2,6,4
BAGELS,THOMAS BRANDS,MINI BAGELS,PLN MINI BGL 10P 15Z,8,-2.86,3.92,0,0,2,0,3,3,0,2,0,3,3,8,8
BAGELS,THOMAS BRANDS,MINI BAGELS,WWHE MINI BGL 10P15Z,3,339.39,22.07,1,0,2,0,2,1,0,2,0,0,1,5,3
BAGELS,THOMAS BRANDS,THOMAS BAGEL THINS,,12,-20.08,23.96,3,0,6,0,6,3,3,2,4,2,3,15,14
BAGELS,THOMAS BRANDS,THOMAS BAGEL THINS,BAGEL THIN EVRY 8P13,4,-28.08,22.46,1,0,2,0,2,0,1,2,0,0,0,4,3
BAGELS,THOMAS BRANDS,THOMAS BAGEL THINS,BAGEL THIN PLN 8P13Z,5,-41.10,24.63,1,0,2,0,2,3,2,0,2,2,3,7,9
BAGELS,THOMAS BRANDS,THOMAS BAGEL THINS,BAGEL THIN100%WW8P13,3,294.59,24.66,1,0,2,0,2,0,0,0,2,0,0,4,2
,,,,,,,,0,0,0,0,0,0,0,0,0,0,0,0
BUNS-ROLLS,,,,"2,769",-8.12,3.34,92,591,425,347,1030,447,583,381,334,846,447,2840,2591
BUNS-ROLLS,ARNOLD-BRWNBRY-OROWT,,,27,-15.95,18.27,5,0,2,0,19,29,7,2,0,6,29,50,44
BUNS-ROLLS,ARNOLD-BRWNBRY-OROWT,AR SELECT BUNS,,6,100.00,55.45,3,0,2,0,7,17,7,2,0,0,17,26,26
BUNS-ROLLS,ARNOLD-BRWNBRY-OROWT,AR SELECT BUNS,OR POTATO HD 8P15Z,2,100.00,24.14,0,0,0,0,0,9,0,0,0,0,9,9,9
BUNS-ROLLS,ARNOLD-BRWNBRY-OROWT,AR SELECT BUNS,OR POTATO SAND 8P15Z,1,100.00,74.55,1,0,0,0,0,8,0,0,0,0,8,8,8
BUNS-ROLLS,ARNOLD-BRWNBRY-OROWT,AR SELECT BUNS,OR SL HOT DOG 8P/14Z,2,100.00,91.25,1,0,0,0,0,0,0,0,0,0,0,0,0
BUNS-ROLLS,ARNOLD-BRWNBRY-OROWT,AR SELECT BUNS,OR SL SAND SES 8P15Z,1,100.00,71.11,1,0,0,0,6,0,6,0,0,0,0,6,6
BUNS-ROLLS,ARNOLD-BRWNBRY-OROWT,AR SELECT BUNS,OR SL SAND WHEAT8P16,1,100.00,13.33,0,0,2,0,1,0,1,2,0,0,0,3,3
BUNS-ROLLS,ARNOLD-BRWNBRY-OROWT,AR-BB-ORO SPECLTYBUN,,7,-58.08,8.00,1,0,0,0,6,6,0,0,0,0,6,12,6
BUNS-ROLLS,ARNOLD-BRWNBRY-OROWT,AR-BB-ORO SPECLTYBUN,OR CRUSTINI ROLL8P18,0,-100.00,0.00,0,0,0,0,0,0,0,0,0,0,0,0,0
BUNS-ROLLS,ARNOLD-BRWNBRY-OROWT,AR-BB-ORO SPECLTYBUN,OR SP STEAK RL 6P15Z,7,-48.68,8.00,1,0,0,0,6,6,0,0,0,0,6,12,6
BUNS-ROLLS,ARNOLD-BRWNBRY-OROWT,ORO HAMBURGER,,14,-11.24,7.60,1,0,0,0,6,6,0,0,0,6,6,12,12
BUNS-ROLLS,ARNOLD-BRWNBRY-OROWT,ORO HAMBURGER,"ORO 4.5""WW RLS 8P21Z",14,-11.24,7.60,1,0,0,0,6,6,0,0,0,6,6,12,12
BUNS-ROLLS,BALL PARK,,,44,-37.35,23.41,10,36,14,8,32,9,27,14,0,18,9,99,68
BUNS-ROLLS,BALL PARK,BALL PARK BUNS,,44,-37.35,23.41,10,36,14,8,32,9,27,14,0,18,9,99,68
BUNS-ROLLS,BALL PARK,BALL PARK BUNS,"BP 3.75""SAND RL12P21",4,-13.10,49.25,2,5,0,0,0,0,5,0,0,0,0,5,5
BUNS-ROLLS,BALL PARK,BALL PARK BUNS,"BP 6""HOTDOG 12P 20Z",6,-8.93,16.77,1,5,5,0,0,0,5,5,0,0,0,10,10
BUNS-ROLLS,BALL PARK,BALL PARK BUNS,"BP 6""TAIL BRAT 6P16Z",1,100.00,52.00,1,0,0,0,6,0,0,0,0,0,0,6,0
BUNS-ROLLS,BALL PARK,BALL PARK BUNS,BP WHITE HAM RL8P14Z,6,-48.75,59.28,4,8,0,8,8,0,8,0,0,0,0,24,8
BUNS-ROLLS,BALL PARK,BALL PARK BUNS,BP WHITE HD 8P 13Z,28,-42.76,12.65,4,18,9,0,18,9,9,9,0,18,9,54,45
BUNS-ROLLS,MRS BAIRDS BREAD,,,315,-15.76,5.51,17,71,50,41,112,50,71,50,33,104,50,324,308
BUNS-ROLLS,MRS BAIRDS BREAD,MB HAM AND HOT BUNS,,304,-13.59,4.90,15,71,50,41,112,50,71,50,33,104,50,324,308
BUNS-ROLLS,MRS BAIRDS BREAD,MB HAM AND HOT BUNS,"MB 4""M LEAGUE RL8P14",0,-150.00,-100.00,0,0,0,0,0,0,0,0,0,0,0,0,0
BUNS-ROLLS,MRS BAIRDS BREAD,MB HAM AND HOT BUNS,"MB 4.5"" HAM 8P18.25Z",75,16.83,2.38,2,18,12,12,30,12,18,12,12,30,12,84,84
BUNS-ROLLS,MRS BAIRDS BREAD,MB HAM AND HOT BUNS,"MB 4.5"" TX RANGER 8P",0,-100.00,0.00,0,0,0,0,0,0,0,0,0,0,0,0,0
BUNS-ROLLS,MRS BAIRDS BREAD,MB HAM AND HOT BUNS,"MB 4.5""SS BUN8P18.25",81,-4.16,2.05,2,18,12,12,30,12,18,12,12,30,12,84,84
BUNS-ROLLS,MRS BAIRDS BREAD,MB HAM AND HOT BUNS,MB 4IN HAM 8P12Z,33,-28.01,5.74,2,8,8,8,16,8,8,8,0,8,8,48,32
BUNS-ROLLS,MRS BAIRDS BREAD,MB HAM AND HOT BUNS,MB CONEYS 8P11.75Z,116,-14.00,8.19,9,27,18,9,36,18,27,18,9,36,18,108,108
BUNS-ROLLS,MRS BAIRDS BREAD,MB HAM AND HOT BUNS,MB TEX RANG CONEY 8P,0,-100.00,0.00,0,0,0,0,0,0,0,0,0,0,0,0,0
BUNS-ROLLS,MRS BAIRDS BREAD,MB ROLLS,,11,-50.44,22.54,2,0,0,0,0,0,0,0,0,0,0,0,0
BUNS-ROLLS,MRS BAIRDS BREAD,MB ROLLS,MB CLASIC DNRL 12P17,11,-43.82,22.54,2,0,0,0,0,0,0,0,0,0,0,0,0
BUNS-ROLLS,MRS BAIRDS BREAD,MB ROLLS,MB HOME BAKE RL12P12,0,-100.00,0.00,0,0,0,0,0,0,0,0,0,0,0,0,0
BUNS-ROLLS,PRIVATE LABEL BRANDS,,,"2,259",-5.28,2.27,51,480,324,298,855,341,474,292,298,707,341,2298,2112
BUNS-ROLLS,PRIVATE LABEL BRANDS,PL GREAT VALUE(WM),,"1,946",-7.67,2.38,46,402,263,246,733,297,396,257,246,611,297,1941,1807
BUNS-ROLLS,PRIVATE LABEL BRANDS,PL GREAT VALUE(WM),GV BRWN&SRV RL12P12Z,159,-16.73,6.73,11,0,10,0,15,15,0,10,0,15,15,40,40
BUNS-ROLLS,PRIVATE LABEL BRANDS,PL GREAT VALUE(WM),GV HAM RL 16P 22Z,12,-17.53,8.44,1,8,0,0,8,8,8,0,0,0,8,24,16
BUNS-ROLLS,PRIVATE LABEL BRANDS,PL GREAT VALUE(WM),GV HAMBURG 8P11Z,457,-8.65,3.12,14,112,64,72,160,72,112,64,72,160,72,480,480
BUNS-ROLLS,PRIVATE LABEL BRANDS,PL GREAT VALUE(WM),GV HOT DOG 8P11Z,"1,041",-5.53,1.33,14,234,144,144,450,153,234,144,144,351,153,1125,1026
BUNS-ROLLS,PRIVATE LABEL BRANDS,PL GREAT VALUE(WM),GV HOT RL 16P 22Z,19,-18.00,3.86,1,0,0,0,10,10,0,0,0,10,10,20,20
BUNS-ROLLS,PRIVATE LABEL BRANDS,PL GREAT VALUE(WM),GV JUMBO HAM BUN 8P,209,-9.26,1.43,3,48,30,30,60,24,42,24,30,60,24,192,180
BUNS-ROLLS,PRIVATE LABEL BRANDS,PL GREAT VALUE(WM),GV WW HAM 8P14Z,22,-5.71,6.93,2,0,6,0,12,6,0,6,0,6,6,24,18
BUNS-ROLLS,PRIVATE LABEL BRANDS,PL GREAT VALUE(WM),GV WW HOT 8P14Z,26,17.24,4.80,1,0,9,0,18,9,0,9,0,9,9,36,27
BUNS-ROLLS,PRIVATE LABEL BRANDS,PL WALMT VALU(HMBK),,313,12.84,1.53,5,78,61,52,122,44,78,35,52,96,44,357,305
BUNS-ROLLS,PRIVATE LABEL BRANDS,PL WALMT VALU(HMBK),WM VALUE HAMBURG8P11,97,33.91,2.26,2,24,16,16,32,8,24,8,16,24,8,96,80
BUNS-ROLLS,PRIVATE LABEL BRANDS,PL WALMT VALU(HMBK),WM VALUE HOTDOG 8P11,216,5.38,1.21,3,54,45,36,90,36,54,27,36,72,36,261,225
BUNS-ROLLS,SARA LEE,,,123,-18.53,6.85,8,4,35,0,12,18,4,23,3,11,18,69,59
BUNS-ROLLS,SARA LEE,SL CLASSIC DINNR RLS,,78,20.43,6.30,5,0,25,0,0,10,0,15,0,0,10,35,25
BUNS-ROLLS,SARA LEE,SL CLASSIC DINNR RLS,SL HAWAIIAN RL12P15Z,54,103.86,4.93,3,0,15,0,0,5,0,15,0,0,5,20,20
BUNS-ROLLS,SARA LEE,SL CLASSIC DINNR RLS,SL WHI DNRL 12P 17Z,24,-37.50,9.39,2,0,10,0,0,5,0,0,0,0,5,15,5
BUNS-ROLLS,SARA LEE,SL H&D ROLLS,,9,-67.36,15.29,1,4,4,0,6,2,4,2,3,5,2,16,16
BUNS-ROLLS,SARA LEE,SL H&D ROLLS,SL 100%WW HAM 8P 23Z,0,-100.00,0.00,0,0,0,0,0,0,0,0,0,0,0,0,0
BUNS-ROLLS,SARA LEE,SL H&D ROLLS,SL H&D STK RL 6P15Z,9,-58.20,15.29,1,4,4,0,6,2,4,2,3,5,2,16,16
BUNS-ROLLS,SARA LEE,SL OTHER BUNS & RLS,,15,248.66,5.25,1,0,6,0,6,6,0,6,0,6,6,18,18
BUNS-ROLLS,SARA LEE,SL OTHER BUNS & RLS,SL FR DNR RL 6P18.5Z,0,-100.00,0.00,0,0,0,0,0,0,0,0,0,0,0,0,0
BUNS-ROLLS,SARA LEE,SL OTHER BUNS & RLS,SL FR WW DNRL6P18.5Z,0,-100.00,0.00,0,0,0,0,0,0,0,0,0,0,0,0,0
BUNS-ROLLS,SARA LEE,SL OTHER BUNS & RLS,SL HAWAIN SDRL 8P18Z,15,261.57,5.25,1,0,6,0,6,6,0,6,0,6,6,18,18
BUNS-ROLLS,SARA LEE,SL SOFT & SMOOTH RLS,,21,-60.69,6.28,1,0,0,0,0,0,0,0,0,0,0,0,0
BUNS-ROLLS,SARA LEE,SL SOFT & SMOOTH RLS,SL HH WHE HAM 8P 12Z,0,-100.00,0.00,0,0,0,0,0,0,0,0,0,0,0,0,0
BUNS-ROLLS,SARA LEE,SL SOFT & SMOOTH RLS,SL HHWHE HOT 8P 12Z,10,-52.06,5.93,1,0,0,0,0,0,0,0,0,0,0,0,0
BUNS-ROLLS,SARA LEE,SL SOFT & SMOOTH RLS,"SL WGW 3.5""HAM 8P14Z",0,-100.00,0.00,0,0,0,0,0,0,0,0,0,0,0,0,0
BUNS-ROLLS,SARA LEE,SL SOFT & SMOOTH RLS,"SL WGW 6""CONEY 8P13Z",11,-55.73,6.60,1,0,0,0,0,0,0,0,0,0,0,0,0
,,,,,,,,0,0,0,0,0,0,0,0,0,0,0,0
DRY,,,,45,23.67,5.69,3,0,0,0,0,56,0,0,0,0,56,56,56
DRY,ARNOLD-BRWNBRY-OROWT,,,2,-3.45,11.90,0,0,0,0,0,0,0,0,0,0,0,0,0
DRY,ARNOLD-BRWNBRY-OROWT,AR-ORO STUFFING,,2,-3.45,11.90,0,0,0,0,0,0,0,0,0,0,0,0,0
DRY,ARNOLD-BRWNBRY-OROWT,AR-ORO STUFFING,OR CORN BR STUFF 14Z,1,11.54,10.34,0,0,0,0,0,0,0,0,0,0,0,0,0
DRY,ARNOLD-BRWNBRY-OROWT,AR-ORO STUFFING,OR HERB STUFFING 14Z,1,-9.84,12.73,0,0,0,0,0,0,0,0,0,0,0,0,0
DRY,BIMBO BREAD,,,44,24.97,5.46,2,0,0,0,0,56,0,0,0,0,56,56,56
DRY,BIMBO BREAD,BIMBO TOASTED BRD,,44,24.97,5.46,2,0,0,0,0,56,0,0,0,0,56,56,56
DRY,BIMBO BREAD,BIMBO TOASTED BRD,BIM DBFIBTST BX,22,39.75,3.42,1,0,0,0,0,28,0,0,0,0,28,28,28
DRY,BIMBO BREAD,BIMBO TOASTED BRD,PAN TOSTADO BX,22,12.96,7.50,2,0,0,0,0,28,0,0,0,0,28,28,28
,,,,,,,,0,0,0,0,0,0,0,0,0,0,0,0
MUFFINS,,,,169,-3.69,11.91,20,4,47,2,74,27,38,23,27,53,27,154,168
MUFFINS,ARNOLD-BRWNBRY-OROWT,,,34,-8.34,7.45,3,2,10,0,10,8,8,4,8,13,8,30,41
MUFFINS,ARNOLD-BRWNBRY-OROWT,ORO ENG MUFFINS,,34,-8.34,7.45,3,2,10,0,10,8,8,4,8,13,8,30,41
MUFFINS,ARNOLD-BRWNBRY-OROWT,ORO ENG MUFFINS,OR EM 100%WW 6P12.5Z,7,-18.10,7.85,1,0,2,0,2,0,2,2,0,3,0,4,7
MUFFINS,ARNOLD-BRWNBRY-OROWT,ORO ENG MUFFINS,OR EM EX CRISP6P12.5,10,-23.93,5.63,1,0,2,0,2,3,2,2,0,3,3,7,10
MUFFINS,ARNOLD-BRWNBRY-OROWT,ORO ENG MUFFINS,ORO DBL FIB EM6,5,"1,331.58",15.44,1,0,2,0,2,2,0,0,2,2,2,6,6
MUFFINS,ARNOLD-BRWNBRY-OROWT,ORO ENG MUFFINS,RAISIN MUFF 6P,5,535.00,5.12,0,2,2,0,2,0,2,0,3,2,0,6,7
MUFFINS,ARNOLD-BRWNBRY-OROWT,ORO ENG MUFFINS,RAISIN MUFF 6P,0,-100.00,0.00,0,2,2,0,2,0,2,0,3,2,0,6,7
MUFFINS,ARNOLD-BRWNBRY-OROWT,ORO ENG MUFFINS,SD ENG MUFF 6P12.48,7,-0.53,5.35,0,0,2,0,2,3,2,0,3,3,3,7,11
MUFFINS,SARA LEE,,,0,-100.00,0.00,0,0,0,0,0,0,0,0,0,0,0,0,0
MUFFINS,SARA LEE,SL SOFT ENG MUFFIN,,0,-100.00,0.00,0,0,0,0,0,0,0,0,0,0,0,0,0
MUFFINS,SARA LEE,SL SOFT ENG MUFFIN,SL EM SFT PLAIN 6P13,0,-100.00,0.00,0,0,0,0,0,0,0,0,0,0,0,0,0
MUFFINS,SARA LEE,SL SOFT ENG MUFFIN,SL EM WHEAT 6P 13Z,0,-100.00,0.00,0,0,0,0,0,0,0,0,0,0,0,0,0
MUFFINS,THOMAS BRANDS,,,135,-2.12,13.03,18,2,37,2,64,19,30,19,19,40,19,124,127
MUFFINS,THOMAS BRANDS,FLAVORED MUFFINS,,22,-0.88,17.24,4,2,8,2,14,2,5,4,2,5,2,28,18
MUFFINS,THOMAS BRANDS,FLAVORED MUFFINS,EM APPLE PIE 6P 13Z,2,830.00,21.51,0,2,2,0,6,0,2,2,0,0,0,10,4
MUFFINS,THOMAS BRANDS,FLAVORED MUFFINS,EM BANANA BRD 6P13Z,1,-66.00,0.00,0,0,0,0,0,0,0,0,0,0,0,0,0
MUFFINS,THOMAS BRANDS,FLAVORED MUFFINS,EM CINN RSN 6P 13Z,15,13.36,14.90,2,0,6,2,8,2,3,2,2,5,2,18,14
MUFFINS,THOMAS BRANDS,FLAVORED MUFFINS,EM CRANBERRY 6P 13Z,2,100.00,9.43,0,0,0,0,0,0,0,0,0,0,0,0,0
MUFFINS,THOMAS BRANDS,FLAVORED MUFFINS,EM CRANBERRY 6P/13Z,0,-100.00,0.00,0,0,0,0,0,0,0,0,0,0,0,0,0
MUFFINS,THOMAS BRANDS,FLAVORED MUFFINS,EM PUMPKIN SPICE6P12,2,74.55,52.08,1,0,0,0,0,0,0,0,0,0,0,0,0
MUFFINS,THOMAS BRANDS,FLAVORED MUFFINS,LTD ED EM CINVAN6P13,0,-91.16,0.00,0,0,0,0,0,0,0,0,0,0,0,0,0
MUFFINS,THOMAS BRANDS,HEARTY MUFFINS,,37,17.43,17.68,6,0,9,0,20,6,9,5,6,11,6,35,37
MUFFINS,THOMAS BRANDS,HEARTY MUFFINS,EM DBL PROTN OAT6P13,6,100.00,29.72,2,0,2,0,6,3,2,0,2,0,3,11,7
MUFFINS,THOMAS BRANDS,HEARTY MUFFINS,EM HIGHFIB PLN 6P12Z,7,100.00,20.00,1,0,2,0,4,0,2,0,2,2,0,6,6
MUFFINS,THOMAS BRANDS,HEARTY MUFFINS,EM LT MLT GRN 6P12Z,15,5.14,10.03,2,0,3,0,6,3,3,3,2,6,3,12,17
MUFFINS,THOMAS BRANDS,HEARTY MUFFINS,EM TRIPLE HLTH 6P11Z,0,-100.00,0.00,0,0,0,0,0,0,0,0,0,0,0,0,0
MUFFINS,THOMAS BRANDS,HEARTY MUFFINS,EM WH WHEAT 6P 12Z,8,3.37,20.98,2,0,2,0,4,0,2,2,0,3,0,6,7
MUFFINS,THOMAS BRANDS,REG-WHITE MUFFINS,,76,-9.64,9.61,7,0,20,0,30,11,16,10,11,24,11,61,72
MUFFINS,THOMAS BRANDS,REG-WHITE MUFFINS,EM REGULAR 12P/24OZ,0,-100.00,0.00,0,0,0,0,0,0,0,0,0,0,0,0,0
MUFFINS,THOMAS BRANDS,REG-WHITE MUFFINS,EM REGULAR 6P/12Z,76,-9.31,9.61,7,0,20,0,30,11,16,10,11,24,11,61,72
,,,,,,,,0,0,0,0,0,0,0,0,0,0,0,0
SAND THINS-FLAT ROLL,,,,75,-2.60,10.15,8,0,12,0,24,36,0,12,0,24,36,72,72
SAND THINS-FLAT ROLL,AR-OR SANDWICH THINS,,,75,-2.60,10.15,8,0,12,0,24,36,0,12,0,24,36,72,72
SAND THINS-FLAT ROLL,AR-OR SANDWICH THINS,ORIG SANDWICH THINS,,75,-2.60,10.15,8,0,12,0,24,36,0,12,0,24,36,72,72
SAND THINS-FLAT ROLL,AR-OR SANDWICH THINS,ORIG SANDWICH THINS,OR HW SAND THIN 8P12,21,-3.59,12.81,3,0,0,0,12,12,0,0,0,12,12,24,24
SAND THINS-FLAT ROLL,AR-OR SANDWICH THINS,ORIG SANDWICH THINS,OR SAND THIN MG 8P12,23,5.21,13.94,3,0,0,0,0,12,0,0,0,0,12,12,12
SAND THINS-FLAT ROLL,AR-OR SANDWICH THINS,ORIG SANDWICH THINS,OR SAND THIN WW 8P12,31,-7.05,5.53,2,0,12,0,12,12,0,12,0,12,12,36,36
,,,,,,,,0,0,0,0,0,0,0,0,0,0,0,0
SANDWICH ALTERNATIVE,,,,167,-7.62,3.88,6,13,47,3,60,103,13,11,3,37,103,226,167
SANDWICH ALTERNATIVE,AR-OR SANDWICH THINS,,,8,-49.77,8.62,1,2,0,3,2,0,2,0,3,2,0,7,7
SANDWICH ALTERNATIVE,AR-OR SANDWICH THINS,POCKET THINS,,8,-49.77,8.62,1,2,0,3,2,0,2,0,3,2,0,7,7
SANDWICH ALTERNATIVE,AR-OR SANDWICH THINS,POCKET THINS,OR 100WW PKT THIN 8P,0,-100.78,-300.00,0,0,0,0,0,0,0,0,0,0,0,0,0
SANDWICH ALTERNATIVE,AR-OR SANDWICH THINS,POCKET THINS,OR HERB PKT THIN8P11,0,-100.00,0.00,0,0,0,0,0,0,0,0,0,0,0,0,0
SANDWICH ALTERNATIVE,AR-OR SANDWICH THINS,POCKET THINS,OR HLTHY MG PKT 8P11,8,-15.52,7.91,1,2,0,3,2,0,2,0,3,2,0,7,7
SANDWICH ALTERNATIVE,BIMBO BREAD,,,0,-100.00,0.00,0,0,0,0,0,0,0,0,0,0,0,0,0
SANDWICH ALTERNATIVE,BIMBO BREAD,BIMBO TORTILLAS,,0,-100.00,0.00,0,0,0,0,0,0,0,0,0,0,0,0,0
SANDWICH ALTERNATIVE,BIMBO BREAD,BIMBO TORTILLAS,BIM 6.5FAJITA TOR10P,0,100.00,0.00,0,0,0,0,0,0,0,0,0,0,0,0,0
SANDWICH ALTERNATIVE,BIMBO BREAD,BIMBO TORTILLAS,"BIM 8""WW FLR TOR 10P",0,-100.00,0.00,0,0,0,0,0,0,0,0,0,0,0,0,0
SANDWICH ALTERNATIVE,BOBOLI BRANDS,,,8,-30.18,37.69,3,0,0,0,0,24,0,0,0,0,24,24,24
SANDWICH ALTERNATIVE,BOBOLI BRANDS,BOBOLI,,8,-30.18,37.69,3,0,0,0,0,24,0,0,0,0,24,24,24
SANDWICH ALTERNATIVE,BOBOLI BRANDS,BOBOLI,BOB 12 OG TNCST 10Z,2,0.79,67.97,2,0,0,0,0,14,0,0,0,0,14,14,14
SANDWICH ALTERNATIVE,BOBOLI BRANDS,BOBOLI,"BOB 12"" OG CST 14Z",4,56.10,9.38,0,0,0,0,0,10,0,0,0,0,10,10,10
SANDWICH ALTERNATIVE,BOBOLI BRANDS,BOBOLI,"BOB 8"" OG CST 2P10Z",0,-83.33,91.30,0,0,0,0,0,0,0,0,0,0,0,0,0
SANDWICH ALTERNATIVE,BOBOLI BRANDS,BOBOLI,BOB LG SAUCE 3P15Z,0,-102.44,-100.00,0,0,0,0,0,0,0,0,0,0,0,0,0
SANDWICH ALTERNATIVE,BOBOLI BRANDS,BOBOLI,"BOB TN 12"" WWCST 10Z",1,-43.00,38.60,0,0,0,0,0,0,0,0,0,0,0,0,0
SANDWICH ALTERNATIVE,TIA ROSA,,,151,7.87,1.91,3,11,47,0,58,79,11,11,0,35,79,195,136
SANDWICH ALTERNATIVE,TIA ROSA,TR CORN,,23,75.51,4.95,1,0,12,0,12,24,0,0,0,0,24,48,24
SANDWICH ALTERNATIVE,TIA ROSA,TR CORN,TR WHITE CORN TORT30,6,84.36,15.45,1,0,0,0,0,12,0,0,0,0,12,12,12
SANDWICH ALTERNATIVE,TIA ROSA,TR CORN,TR YELLOW CORN TORT,17,72.41,1.02,0,0,12,0,12,12,0,0,0,0,12,36,12
SANDWICH ALTERNATIVE,TIA ROSA,TR FLOUR,,128,0.79,1.35,2,11,35,0,46,55,11,11,0,35,55,147,112
SANDWICH ALTERNATIVE,TIA ROSA,TR FLOUR,"TR 6.5""HS TORT 20P28",49,8.60,0.08,0,11,11,0,22,11,11,11,0,11,11,55,44
SANDWICH ALTERNATIVE,TIA ROSA,TR FLOUR,TR BURRITO TORT 8P20,10,-18.05,7.54,1,0,0,0,0,10,0,0,0,0,10,10,10
SANDWICH ALTERNATIVE,TIA ROSA,TR FLOUR,TR HOMSTY TORT 10P14,49,18.88,0.87,0,0,24,0,24,24,0,0,0,24,24,72,48
SANDWICH ALTERNATIVE,TIA ROSA,TR FLOUR,TR MGRN TORT 8P10.6Z,0,100.00,0.00,0,0,0,0,0,0,0,0,0,0,0,0,0
SANDWICH ALTERNATIVE,TIA ROSA,TR FLOUR,TR SFT TACO TORT10P,11,-34.21,3.47,0,0,0,0,0,10,0,0,0,0,10,10,10
SANDWICH ALTERNATIVE,TIA ROSA,TR FLOUR,TR WICWW TORT 10P16Z,9,-23.81,1.72,0,0,0,0,0,0,0,0,0,0,0,0,0
,,,,,,,,0,0,0,0,0,0,0,0,0,0,0,0
SLICED BREAD,,,,"5,081",-9.78,3.45,175,1180,800,728,1770,917,1071,694,674,1641,917,5395,4997
SLICED BREAD,ARNOLD-BRWNBRY-OROWT,,,205,-14.58,18.10,37,38,30,10,65,143,28,20,10,63,143,286,264
SLICED BREAD,ARNOLD-BRWNBRY-OROWT,ABO COUNTRY,,12,-56.15,61.53,8,0,0,0,0,30,0,0,0,0,30,30,30
SLICED BREAD,ARNOLD-BRWNBRY-OROWT,ABO COUNTRY,OR CNTRY MLTIGRN 24Z,1,-80.43,277.78,1,0,0,0,0,0,0,0,0,0,0,0,0
SLICED BREAD,ARNOLD-BRWNBRY-OROWT,ABO COUNTRY,OR CNTRY OATMEAL 24Z,1,-63.70,158.49,2,0,0,0,0,10,0,0,0,0,10,10,10
SLICED BREAD,ARNOLD-BRWNBRY-OROWT,ABO COUNTRY,OR CNTRY WHEAT WP24Z,2,-73.94,67.44,1,0,0,0,0,0,0,0,0,0,0,0,0
SLICED BREAD,ARNOLD-BRWNBRY-OROWT,ABO COUNTRY,OR CNTRY WHITE 24Z,1,-62.92,131.82,2,0,0,0,0,10,0,0,0,0,10,10,10
SLICED BREAD,ARNOLD-BRWNBRY-OROWT,ABO COUNTRY,OR CNTY POTATO 24Z,8,-38.99,22.20,2,0,0,0,0,10,0,0,0,0,10,10,10
SLICED BREAD,ARNOLD-BRWNBRY-OROWT,ABO WHOLE GRAINS,,139,12.74,9.16,13,30,30,10,52,42,20,20,10,50,42,164,142
SLICED BREAD,ARNOLD-BRWNBRY-OROWT,ABO WHOLE GRAINS,OR 12 GRAIN WP 24Z,28,11.81,9.24,3,10,10,0,10,10,0,10,0,10,10,40,30
SLICED BREAD,ARNOLD-BRWNBRY-OROWT,ABO WHOLE GRAINS,OR ANCTGRN&RSEED 24Z,1,100.00,92.73,1,0,0,0,2,2,0,0,0,0,2,4,2
SLICED BREAD,ARNOLD-BRWNBRY-OROWT,ABO WHOLE GRAINS,OR HEALTHNUT BRD 24Z,24,4.76,9.49,2,0,0,0,10,10,0,0,0,10,10,20,20
SLICED BREAD,ARNOLD-BRWNBRY-OROWT,ABO WHOLE GRAINS,OR OATNUT BREAD 24Z,63,14.64,3.09,2,20,10,10,20,10,20,10,10,20,10,70,70
SLICED BREAD,ARNOLD-BRWNBRY-OROWT,ABO WHOLE GRAINS,OR WG 100%WW WP 24Z,24,12.59,21.07,5,0,10,0,10,10,0,0,0,10,10,30,20
SLICED BREAD,ARNOLD-BRWNBRY-OROWT,AR ITALIAN,,7,-44.32,24.14,2,0,0,0,0,7,0,0,0,0,7,7,7
SLICED BREAD,ARNOLD-BRWNBRY-OROWT,AR ITALIAN,OROWEAT ITALIAN 20OZ,7,-44.32,24.14,2,0,0,0,0,7,0,0,0,0,7,7,7
SLICED BREAD,ARNOLD-BRWNBRY-OROWT,AR-OR HEALTHFUL BRDS,,16,-19.01,21.90,4,8,0,0,13,0,8,0,0,13,0,21,21
SLICED BREAD,ARNOLD-BRWNBRY-OROWT,AR-OR HEALTHFUL BRDS,OR HLF NUTS&SEED 20Z,2,100.00,63.64,1,2,0,0,4,0,2,0,0,4,0,6,6
SLICED BREAD,ARNOLD-BRWNBRY-OROWT,AR-OR HEALTHFUL BRDS,OR HLF STLCUT OAT20Z,2,100.00,61.25,1,3,0,0,4,0,3,0,0,4,0,7,7
SLICED BREAD,ARNOLD-BRWNBRY-OROWT,AR-OR HEALTHFUL BRDS,OR HLTHF 10GRAIN 24Z,0,-100.00,0.00,0,0,0,0,0,0,0,0,0,0,0,0,0
SLICED BREAD,ARNOLD-BRWNBRY-OROWT,AR-OR HEALTHFUL BRDS,OR HLTHF FLAX&SF 20Z,2,100.00,16.13,0,3,0,0,5,0,3,0,0,5,0,8,8
SLICED BREAD,ARNOLD-BRWNBRY-OROWT,AR-OR HEALTHFUL BRDS,OR HLTHF NUTTYGRNS24,10,-25.03,10.58,1,0,0,0,0,0,0,0,0,0,0,0,0
SLICED BREAD,ARNOLD-BRWNBRY-OROWT,CINNABON BREAD,,4,-35.24,105.12,4,0,0,0,0,14,0,0,0,0,14,14,14
SLICED BREAD,ARNOLD-BRWNBRY-OROWT,CINNABON BREAD,CINNABON BRD16Z,4,-35.24,105.12,4,0,0,0,0,14,0,0,0,0,14,14,14
SLICED BREAD,ARNOLD-BRWNBRY-OROWT,ORO FRUIT&CINN BRD,,0,-100.00,0.00,0,0,0,0,0,0,0,0,0,0,0,0,0
SLICED BREAD,ARNOLD-BRWNBRY-OROWT,ORO FRUIT&CINN BRD,WP RAISIN BRD,0,-100.00,0.00,0,0,0,0,0,0,0,0,0,0,0,0,0
SLICED BREAD,ARNOLD-BRWNBRY-OROWT,ORO RYE BREAD,,13,-24.43,43.68,6,0,0,0,0,36,0,0,0,0,36,36,36
SLICED BREAD,ARNOLD-BRWNBRY-OROWT,ORO RYE BREAD,JEWISH RYE,9,-16.23,17.05,2,0,0,0,0,12,0,0,0,0,12,12,12
SLICED BREAD,ARNOLD-BRWNBRY-OROWT,ORO RYE BREAD,RUSSIAN RYE,2,-35.00,109.62,2,0,0,0,0,12,0,0,0,0,12,12,12
SLICED BREAD,ARNOLD-BRWNBRY-OROWT,ORO RYE BREAD,SWARZ DARK RYE16,2,-39.69,93.16,2,0,0,0,0,12,0,0,0,0,12,12,12
SLICED BREAD,ARNOLD-BRWNBRY-OROWT,SUNMAID FRUIT BRD,,13,-53.48,10.87,1,0,0,0,0,14,0,0,0,0,14,14,14
SLICED BREAD,ARNOLD-BRWNBRY-OROWT,SUNMAID FRUIT BRD,SUNMAID RAISIN 16Z,13,-53.48,10.87,1,0,0,0,0,14,0,0,0,0,14,14,14
SLICED BREAD,BIMBO BREAD,,,204,8.14,5.77,12,48,32,32,56,32,58,24,32,56,32,200,202
SLICED BREAD,BIMBO BREAD,BIMBO SOFT BREAD,,199,35.21,4.51,9,48,32,32,56,32,48,24,32,56,32,200,192
SLICED BREAD,BIMBO BREAD,BIMBO SOFT BREAD,BIM SFT WHEAT 20Z,93,42.17,5.68,5,24,16,16,24,16,24,8,16,24,16,96,88
SLICED BREAD,BIMBO BREAD,BIMBO SOFT BREAD,BIM SOFT WHITE 20Z,106,29.62,3.48,4,24,16,16,32,16,24,16,16,32,16,104,104
SLICED BREAD,BIMBO BREAD,BIMBO SQUARE BREAD,,0,-100.00,0.00,0,0,0,0,0,0,0,0,0,0,0,0,0
SLICED BREAD,BIMBO BREAD,BIMBO SQUARE BREAD,BIM SAND WHITE 22Z,0,-100.00,0.00,0,0,0,0,0,0,0,0,0,0,0,0,0
SLICED BREAD,BIMBO BREAD,BIMBO VARIETY-OTHER,,6,-85.40,50.34,3,0,0,0,0,0,10,0,0,0,0,0,10
SLICED BREAD,BIMBO BREAD,BIMBO VARIETY-OTHER,BIM STGR 100%WW 16Z,6,-85.40,50.34,3,0,0,0,0,0,10,0,0,0,0,0,10
SLICED BREAD,MRS BAIRDS BREAD,,,"1,409",-13.76,2.20,31,298,186,178,446,210,285,180,171,430,210,1318,1276
SLICED BREAD,MRS BAIRDS BREAD,MB LIGHT BRD,,15,-22.82,7.20,1,0,0,0,12,12,0,0,0,0,12,24,12
SLICED BREAD,MRS BAIRDS BREAD,MB LIGHT BRD,MB WG LC SUGFRE 16Z,15,-22.82,7.20,1,0,0,0,12,12,0,0,0,0,12,24,12
SLICED BREAD,MRS BAIRDS BREAD,MB WHEAT-VARIETY BRD,,519,-5.68,2.69,14,112,64,64,152,74,96,64,64,152,74,466,450
SLICED BREAD,MRS BAIRDS BREAD,MB WHEAT-VARIETY BRD,MB 100% WHEAT 20Z,103,-30.08,5.47,6,32,16,8,32,16,16,16,8,32,16,104,88
SLICED BREAD,MRS BAIRDS BREAD,MB WHEAT-VARIETY BRD,MB 100% WW 16Z WIC,9,20.11,16.74,1,0,0,0,0,10,0,0,0,0,10,10,10
SLICED BREAD,MRS BAIRDS BREAD,MB WHEAT-VARIETY BRD,MB HONEY 7 GRAIN 20Z,62,11.10,1.61,1,16,8,16,24,8,16,8,16,24,8,72,72
SLICED BREAD,MRS BAIRDS BREAD,MB WHEAT-VARIETY BRD,MB HONEY WHEAT 20Z,304,14.90,1.27,4,64,40,40,96,40,64,40,40,96,40,280,280
SLICED BREAD,MRS BAIRDS BREAD,MB WHEAT-VARIETY BRD,MB S/TOP WHEAT 20Z,40,-45.58,4.91,2,0,0,0,0,0,0,0,0,0,0,0,0
SLICED BREAD,MRS BAIRDS BREAD,MB WHITE BRD,,875,-17.77,1.82,16,186,122,114,282,124,189,116,107,278,124,828,814
SLICED BREAD,MRS BAIRDS BREAD,MB WHITE BRD,MB LRG WHITE#2 20Z,445,-29.43,0.88,4,88,48,48,128,56,88,48,48,128,56,368,368
SLICED BREAD,MRS BAIRDS BREAD,MB WHITE BRD,MB SMALL WHITE 16Z,47,-27.62,5.48,3,10,10,10,10,10,10,10,0,10,10,50,40
SLICED BREAD,MRS BAIRDS BREAD,MB WHITE BRD,MB TEXAS SL WHITE24Z,13,-15.23,19.20,2,0,8,0,8,2,3,2,3,4,2,18,14
SLICED BREAD,MRS BAIRDS BREAD,MB WHITE BRD,MB WG WHITE 20Z,176,11.98,1.97,3,40,24,32,64,24,40,24,32,64,24,184,184
SLICED BREAD,MRS BAIRDS BREAD,MB WHITE BRD,MB X THIN WHITE 24Z,195,12.58,1.84,4,48,32,24,72,32,48,32,24,72,32,208,208
SLICED BREAD,MRS BAIRDS BREAD,MB WHITE BRD,MB XTHIN TEXAS RG24Z,0,-100.00,0.00,0,0,0,0,0,0,0,0,0,0,0,0,0
SLICED BREAD,NATURES HARVEST,,,5,100.00,223.55,11,0,36,0,11,24,8,24,9,20,24,71,85
SLICED BREAD,NATURES HARVEST,NAT HVST WHEAT SDWCH,,4,100.00,214.48,9,0,30,0,11,20,6,20,7,17,20,61,70
SLICED BREAD,NATURES HARVEST,NAT HVST WHEAT SDWCH,NHV 18GRN&SEEDS 24Z,1,100.00,310.34,2,0,6,0,3,4,0,4,0,3,4,13,11
SLICED BREAD,NATURES HARVEST,NAT HVST WHEAT SDWCH,NHV B/TOP WGWHE BB20,1,100.00,350.00,2,0,6,0,0,4,2,4,2,3,4,10,15
SLICED BREAD,NATURES HARVEST,NAT HVST WHEAT SDWCH,NHV HNY WHEAT RT 20Z,1,100.00,178.95,2,0,6,0,5,4,2,4,3,5,4,15,18
SLICED BREAD,NATURES HARVEST,NAT HVST WHEAT SDWCH,NHV STGRD 100%WW 20Z,1,100.00,97.33,1,0,6,0,0,4,2,4,2,3,4,10,15
SLICED BREAD,NATURES HARVEST,NAT HVST WHEAT SDWCH,NHV WHEATBERRY WW24Z,1,100.00,346.43,2,0,6,0,3,4,0,4,0,3,4,13,11
SLICED BREAD,NATURES HARVEST,NAT HVST WHITE SDWCH,,1,100.00,276.32,2,0,6,0,0,4,2,4,2,3,4,10,15
SLICED BREAD,NATURES HARVEST,NAT HVST WHITE SDWCH,NHV B/TOP WGWHI BB20,1,100.00,276.32,2,0,6,0,0,4,2,4,2,3,4,10,15
SLICED BREAD,OTHER BREAD BRANDS,,,0,-100.00,0.00,0,0,0,0,0,0,0,0,0,0,0,0,0
SLICED BREAD,OTHER BREAD BRANDS,EARTHGRA WP WE-GR BR,,0,-100.00,0.00,0,0,0,0,0,0,0,0,0,0,0,0,0
SLICED BREAD,OTHER BREAD BRANDS,EARTHGRA WP WE-GR BR,EG 12GR WP BRD 24Z,0,-100.00,0.00,0,0,0,0,0,0,0,0,0,0,0,0,0
SLICED BREAD,OTHER BREAD BRANDS,EARTHGRA WP WE-GR BR,EG SGWW WP BRD 24Z,0,-100.00,0.00,0,0,0,0,0,0,0,0,0,0,0,0,0
SLICED BREAD,PRIVATE LABEL BRANDS,,,"2,493",-9.24,1.77,44,604,386,388,886,346,500,322,332,774,346,2610,2274
SLICED BREAD,PRIVATE LABEL BRANDS,PL GREAT VALUE(WM),,"2,491",-9.31,1.65,41,604,386,388,886,346,500,322,332,774,346,2610,2274
SLICED BREAD,PRIVATE LABEL BRANDS,PL GREAT VALUE(WM),BT WHEAT 24 SL 24OZ,4,-92.68,0.95,0,0,0,0,0,0,0,0,0,0,0,0,0
SLICED BREAD,PRIVATE LABEL BRANDS,PL GREAT VALUE(WM),BT WHITE 24 SL 24Z,7,-93.49,0.29,0,0,0,0,0,0,0,0,0,0,0,0,0
SLICED BREAD,PRIVATE LABEL BRANDS,PL GREAT VALUE(WM),GV 100% WHEAT 16Z,118,-4.02,4.92,6,20,10,20,30,10,20,10,20,30,10,90,90
SLICED BREAD,PRIVATE LABEL BRANDS,PL GREAT VALUE(WM),GV 100% WW BRD 20Z,177,-7.58,0.82,1,40,24,32,64,32,40,24,32,64,32,192,192
SLICED BREAD,PRIVATE LABEL BRANDS,PL GREAT VALUE(WM),GV HNYWHEAT  BRD 20Z,54,2.35,4.34,2,8,8,0,16,8,8,8,0,16,8,40,40
SLICED BREAD,PRIVATE LABEL BRANDS,PL GREAT VALUE(WM),GV S/TOP WHEAT 20Z,102,-6.16,1.98,2,16,16,16,32,16,16,16,8,32,16,96,88
SLICED BREAD,PRIVATE LABEL BRANDS,PL GREAT VALUE(WM),GV S/TOP WHITE 20Z,0,100.00,0.00,0,0,0,0,0,0,0,0,0,0,0,0,0
SLICED BREAD,PRIVATE LABEL BRANDS,PL GREAT VALUE(WM),GV TEXAS TST 24Z,25,77.59,0.70,0,0,8,0,16,8,0,8,0,8,8,32,24
SLICED BREAD,PRIVATE LABEL BRANDS,PL GREAT VALUE(WM),GV WG WHITE BRD 20Z,9,9.42,11.68,1,0,0,0,0,0,0,0,0,0,0,0,0
SLICED BREAD,PRIVATE LABEL BRANDS,PL GREAT VALUE(WM),GV WHEAT SQ 24Z,442,-25.74,1.16,5,112,56,64,136,56,88,56,64,136,56,424,400
SLICED BREAD,PRIVATE LABEL BRANDS,PL GREAT VALUE(WM),GV WHITE 1#,102,56.31,2.31,2,16,8,16,24,8,16,8,16,24,8,72,72
SLICED BREAD,PRIVATE LABEL BRANDS,PL GREAT VALUE(WM),GV WHITE RT TOP 20Z,401,-27.50,2.14,9,64,40,48,120,40,64,40,48,96,40,312,288
SLICED BREAD,PRIVATE LABEL BRANDS,PL GREAT VALUE(WM),GV WHITE SQ,468,-46.72,1.41,7,112,56,48,128,56,88,56,48,128,56,400,376
SLICED BREAD,PRIVATE LABEL BRANDS,PL GREAT VALUE(WM),PFT WHEAT SQ 24Z,244,100.00,1.13,3,96,64,64,120,40,64,40,32,96,40,384,272
SLICED BREAD,PRIVATE LABEL BRANDS,PL GREAT VALUE(WM),PFT WHITE SQ 24Z,338,100.00,0.84,3,120,96,80,200,72,96,56,64,144,72,568,432
SLICED BREAD,PRIVATE LABEL BRANDS,PL WILD OATS-WMART,,2,100.00,154.81,3,0,0,0,0,0,0,0,0,0,0,0,0
SLICED BREAD,PRIVATE LABEL BRANDS,PL WILD OATS-WMART,WO ANCIENT GRN 22Z,1,100.00,81.63,1,0,0,0,0,0,0,0,0,0,0,0,0
SLICED BREAD,PRIVATE LABEL BRANDS,PL WILD OATS-WMART,WO NUTTY BRD 22Z,1,100.00,162.96,1,0,0,0,0,0,0,0,0,0,0,0,0
SLICED BREAD,PRIVATE LABEL BRANDS,PL WILD OATS-WMART,WO OATMEAL BRD 22Z,0,100.00,257.14,1,0,0,0,0,0,0,0,0,0,0,0,0
SLICED BREAD,PRIVATE LABEL BRANDS,PL WILD OATS-WMART,WO WHOLE WHEAT 22Z,0,100.00,292.86,1,0,0,0,0,0,0,0,0,0,0,0,0
SLICED BREAD,RAINBO,,,0,-100.00,0.00,0,0,0,0,0,0,0,0,0,0,0,0,0
SLICED BREAD,RAINBO,RAINBO WHITE BREAD,,0,-100.00,0.00,0,0,0,0,0,0,0,0,0,0,0,0,0
SLICED BREAD,RAINBO,RAINBO WHITE BREAD,RB WHI TEXAS TST 24Z,0,-100.00,0.00,0,0,0,0,0,0,0,0,0,0,0,0,0
SLICED BREAD,SARA LEE,,,765,-6.25,5.24,40,192,130,120,306,162,192,124,120,298,162,910,896
SLICED BREAD,SARA LEE,SL BREAKFAST BREADS,,15,-52.73,27.76,4,0,2,0,2,16,0,2,0,0,16,20,18
SLICED BREAD,SARA LEE,SL BREAKFAST BREADS,SL BRSUG BRD 16Z,0,-100.00,0.00,0,0,0,0,0,0,0,0,0,0,0,0,0
SLICED BREAD,SARA LEE,SL BREAKFAST BREADS,SL CINRN BRD 16Z,12,-53.11,19.40,2,0,0,0,0,14,0,0,0,0,14,14,14
SLICED BREAD,SARA LEE,SL BREAKFAST BREADS,SL CSWRL BRFST BD16Z,3,-49.45,66.42,2,0,2,0,2,2,0,2,0,0,2,6,4
SLICED BREAD,SARA LEE,SL CLASSIC VRTY BRD,,512,26.06,2.67,14,160,96,104,232,104,160,96,104,232,104,696,696
SLICED BREAD,SARA LEE,SL CLASSIC VRTY BRD,SL CL 100%WW RT 16Z,2,48.10,41.88,1,0,0,0,0,0,0,0,0,0,0,0,0
SLICED BREAD,SARA LEE,SL CLASSIC VRTY BRD,SL CL 100%WW RT 20Z,51,-7.59,4.75,2,16,8,8,16,8,16,8,8,16,8,56,56
SLICED BREAD,SARA LEE,SL CLASSIC VRTY BRD,SL CL HNYWHEAT RT20Z,458,31.43,2.05,9,144,88,96,216,96,144,88,96,216,96,640,640
SLICED BREAD,SARA LEE,SL CLASSIC VRTY BRD,SL CLS OATS NHNY 20Z,1,-11.90,68.92,1,0,0,0,0,0,0,0,0,0,0,0,0
SLICED BREAD,SARA LEE,SL DELIGHTFUL BRD,,80,-11.17,11.90,10,16,16,0,40,24,16,16,0,40,24,96,96
SLICED BREAD,SARA LEE,SL DELIGHTFUL BRD,SL 45CAL DEL WW/HY20,30,-5.58,7.60,2,8,8,0,16,8,8,8,0,16,8,40,40
SLICED BREAD,SARA LEE,SL DELIGHTFUL BRD,SL DEL HLTY MG 20Z,33,-12.95,8.97,3,8,8,0,16,8,8,8,0,16,8,40,40
SLICED BREAD,SARA LEE,SL DELIGHTFUL BRD,SL DEL WHEAT 20Z,18,-16.22,24.28,4,0,0,0,8,8,0,0,0,8,8,16,16
SLICED BREAD,SARA LEE,SL HRTY DLICS VAR BD,,0,-100.00,0.00,0,0,0,0,0,0,0,0,0,0,0,0,0
SLICED BREAD,SARA LEE,SL HRTY DLICS VAR BD,SL 12GR WP BR 1P 24Z,0,-100.00,0.00,0,0,0,0,0,0,0,0,0,0,0,0,0
SLICED BREAD,SARA LEE,SL HRTY DLICS WHE BD,,0,-100.00,0.00,0,0,0,0,0,0,0,0,0,0,0,0,0
SLICED BREAD,SARA LEE,SL HRTY DLICS WHE BD,SL HRTY&DEL WW WP24Z,0,-100.00,0.00,0,0,0,0,0,0,0,0,0,0,0,0,0
SLICED BREAD,SARA LEE,SL IRON KIDS,,0,-100.00,0.00,0,0,0,0,0,0,0,0,0,0,0,0,0
SLICED BREAD,SARA LEE,SL IRON KIDS,IK WHI SW BRD 24Z,0,-100.00,0.00,0,0,0,0,0,0,0,0,0,0,0,0,0
SLICED BREAD,SARA LEE,SL MAINSTREAM WHITE,,4,90.91,36.36,2,0,8,0,8,2,0,2,0,2,2,18,6
SLICED BREAD,SARA LEE,SL MAINSTREAM WHITE,SL GIANT WHITE RT24Z,1,-57.85,66.67,1,0,0,0,0,0,0,0,0,0,0,0,0
SLICED BREAD,SARA LEE,SL MAINSTREAM WHITE,SL WHITE BUTTER 20Z,3,100.00,27.78,1,0,8,0,8,2,0,2,0,2,2,18,6
SLICED BREAD,SARA LEE,SL SOFT & SMOOTH BRD,,153,-39.63,7.27,11,16,8,16,24,16,16,8,16,24,16,80,80
SLICED BREAD,SARA LEE,SL SOFT & SMOOTH BRD,SL S&S 100%WW RT 20Z,21,-52.71,6.30,1,0,0,0,0,0,0,0,0,0,0,0,0
SLICED BREAD,SARA LEE,SL SOFT & SMOOTH BRD,SL S&S WGW RT BRD20Z,133,-36.90,7.42,10,16,8,16,24,16,16,8,16,24,16,80,80
,,,,,,,,0,0,0,0,0,0,0,0,0,0,0,0
SNACK,,,,6,146.15,3.13,0,0,9,0,18,9,0,0,0,9,9,36,18
SNACK,TIA ROSA,,,6,146.15,3.13,0,0,9,0,18,9,0,0,0,9,9,36,18
SNACK,TIA ROSA,TR CHIPS,,6,146.15,3.13,0,0,9,0,18,9,0,0,0,9,9,36,18
SNACK,TIA ROSA,TR CHIPS,TR MEGATHIN CHIP,6,146.15,3.13,0,0,9,0,18,9,0,0,0,9,9,36,18
,,,,,,,,0,0,0,0,0,0,0,0,0,0,0,0
SWEET BAKED GOODS,,,,939,23.71,4.70,44,54,74,339,132,210,207,140,289,164,210,809,1010
SWEET BAKED GOODS,BIMBO SBG,,,251,19.53,8.31,21,0,0,159,0,70,61,44,127,0,70,229,302
SWEET BAKED GOODS,BIMBO SBG,BM-BX-BARS,,20,"2,123.91",2.15,0,0,0,0,0,14,4,9,10,0,14,14,37
SWEET BAKED GOODS,BIMBO SBG,BM-BX-BARS,BIM MGRNBAR MIX BX6P,17,"1,771.74",1.86,0,0,0,0,0,3,4,9,10,0,3,3,26
SWEET BAKED GOODS,BIMBO SBG,BM-BX-BARS,BIM STWYBRAN FT BX6P,3,100.00,3.70,0,0,0,0,0,11,0,0,0,0,11,11,11
SWEET BAKED GOODS,BIMBO SBG,BM-FS-DONUTS,,0,-100.00,0.00,0,0,0,0,0,0,0,0,0,0,0,0,0
SWEET BAKED GOODS,BIMBO SBG,BM-FS-DONUTS,BIM DONAS SGR FS20P,0,-100.00,0.00,0,0,0,0,0,0,0,0,0,0,0,0,0
SWEET BAKED GOODS,BIMBO SBG,BM-FS-LOAF CAKES,,37,-24.22,17.29,6,0,0,21,0,12,7,4,13,0,12,33,36
SWEET BAKED GOODS,BIMBO SBG,BM-FS-LOAF CAKES,BIM PANQU MRM FS1PBX,2,100.00,39.53,1,0,0,0,0,0,0,0,0,0,0,0,0
SWEET BAKED GOODS,BIMBO SBG,BM-FS-LOAF CAKES,BIM PANQUE APPFS1PBX,1,100.00,67.86,1,0,0,0,0,0,0,0,0,0,0,0,0
SWEET BAKED GOODS,BIMBO SBG,BM-FS-LOAF CAKES,BIM PANQUE BN FS1PBX,1,100.00,2.44,0,0,0,0,0,4,0,0,0,0,4,4,4
SWEET BAKED GOODS,BIMBO SBG,BM-FS-LOAF CAKES,BIM PANQUE HMD FS1P,5,-39.08,23.30,1,0,0,0,0,0,0,0,0,0,0,0,0
SWEET BAKED GOODS,BIMBO SBG,BM-FS-LOAF CAKES,BIM PANQUE PEC FS1P,23,-21.56,8.20,2,0,0,21,0,4,7,4,13,0,4,25,28
SWEET BAKED GOODS,BIMBO SBG,BM-FS-LOAF CAKES,BIM PANQUE RSN FS1P,5,-52.94,37.89,2,0,0,0,0,4,0,0,0,0,4,4,4
SWEET BAKED GOODS,BIMBO SBG,BM-FS-SEASONAL,,0,-5.00,5.26,0,0,0,0,0,0,0,0,0,0,0,0,0
SWEET BAKED GOODS,BIMBO SBG,BM-FS-SEASONAL,BIM ROSCA REYES FS1P,0,-5.00,5.26,0,0,0,0,0,0,0,0,0,0,0,0,0
SWEET BAKED GOODS,BIMBO SBG,BM-FS-SWEET ROLLS,,23,-10.31,13.33,3,0,0,19,0,3,6,3,11,0,3,22,23
SWEET BAKED GOODS,BIMBO SBG,BM-FS-SWEET ROLLS,BIM ROLES CIN FS6P,23,-10.31,13.33,3,0,0,19,0,3,6,3,11,0,3,22,23
SWEET BAKED GOODS,BIMBO SBG,BM-MP-DONUTS,,15,97.73,19.87,3,0,0,10,0,3,5,2,10,0,3,13,20
SWEET BAKED GOODS,BIMBO SBG,BM-MP-DONUTS,BIM DONAS SGR MF12P,15,97.73,19.87,3,0,0,10,0,3,5,2,10,0,3,13,20
SWEET BAKED GOODS,BIMBO SBG,BM-MP-LOAF CAKES,,0,-100.00,0.00,0,0,0,0,0,0,0,0,0,0,0,0,0
SWEET BAKED GOODS,BIMBO SBG,BM-MP-LOAF CAKES,BIM PNKCITO ORG 8PBX,0,-100.00,0.00,0,0,0,0,0,0,0,0,0,0,0,0,0
SWEET BAKED GOODS,BIMBO SBG,BM-MP-MUFFINS,,55,30.65,2.41,1,0,0,35,0,10,15,11,32,0,10,45,68
SWEET BAKED GOODS,BIMBO SBG,BM-MP-MUFFINS,BIM MINIMCDA MF8P,40,11.39,0.95,0,0,0,27,0,8,11,9,25,0,8,35,53
SWEET BAKED GOODS,BIMBO SBG,BM-MP-MUFFINS,BIM MNTECADA MF6P,15,148.53,6.42,1,0,0,8,0,2,4,2,7,0,2,10,15
SWEET BAKED GOODS,BIMBO SBG,BM-MP-TRADITIONAL,,101,36.24,6.52,7,0,0,75,0,28,24,15,51,0,28,103,118
SWEET BAKED GOODS,BIMBO SBG,BM-MP-TRADITIONAL,BIM BIMBOLETE MF4P,41,50.49,1.58,1,0,0,40,0,8,13,8,27,0,8,48,56
SWEET BAKED GOODS,BIMBO SBG,BM-MP-TRADITIONAL,BIM BUNUELO MF12P,9,9.66,5.45,1,0,0,8,0,4,3,0,5,0,4,12,12
SWEET BAKED GOODS,BIMBO SBG,BM-MP-TRADITIONAL,BIM CNCHITA VAN MF6P,6,-36.75,48.93,3,0,0,0,0,0,0,0,0,0,0,0,0
SWEET BAKED GOODS,BIMBO SBG,BM-MP-TRADITIONAL,BIM CONCHAS VAN MP8P,38,"1,086.29",3.20,1,0,0,27,0,5,8,7,19,0,5,32,39
SWEET BAKED GOODS,BIMBO SBG,BM-MP-TRADITIONAL,BIM REBANADAS MF6PBX,6,21.03,17.99,1,0,0,0,0,11,0,0,0,0,11,11,11
SWEET BAKED GOODS,BIMBO SBG,BM-MP-TRADITIONAL,BIM SFT PASTRY8P BOX,0,-100.00,0.00,0,0,0,0,0,0,0,0,0,0,0,0,0
SWEET BAKED GOODS,BIMBO SBG,BM-SS-TRADITIONAL,,0,-100.00,0.00,0,0,0,0,0,0,0,0,0,0,0,0,0
SWEET BAKED GOODS,BIMBO SBG,BM-SS-TRADITIONAL,BIM CONCHAS VAN SS2P,0,-100.00,0.00,0,0,0,0,0,0,0,0,0,0,0,0,0
SWEET BAKED GOODS,ENTENMANNS BRANDS,,,60,-0.76,5.13,3,0,0,0,36,38,18,18,0,36,38,74,110
SWEET BAKED GOODS,ENTENMANNS BRANDS,EN LITTLE BITES,,60,-0.76,5.13,3,0,0,0,36,38,18,18,0,36,38,74,110
SWEET BAKED GOODS,ENTENMANNS BRANDS,EN LITTLE BITES,CP LB CHOCCP MFN10CT,1,8.33,230.77,1,0,0,0,0,0,0,0,0,0,0,0,0
SWEET BAKED GOODS,ENTENMANNS BRANDS,EN LITTLE BITES,LB BLBRY MFN,22,-15.47,1.68,0,0,0,0,18,18,0,0,0,18,18,36,36
SWEET BAKED GOODS,ENTENMANNS BRANDS,EN LITTLE BITES,LB BROWNIE,8,-26.54,10.45,1,0,0,0,0,0,18,0,0,0,0,0,18
SWEET BAKED GOODS,ENTENMANNS BRANDS,EN LITTLE BITES,LB CHOCCREME CUPCK8P,2,100.00,13.68,0,0,0,0,0,0,0,0,0,0,0,0,0
SWEET BAKED GOODS,ENTENMANNS BRANDS,EN LITTLE BITES,LB CHOCHIP MINI MUFF,22,10.34,0.89,0,0,0,0,18,18,0,0,0,18,18,36,36
SWEET BAKED GOODS,ENTENMANNS BRANDS,EN LITTLE BITES,LB CRUMB CAKE,0,100.00,9.09,0,0,0,0,0,0,0,0,0,0,0,0,0
SWEET BAKED GOODS,ENTENMANNS BRANDS,EN LITTLE BITES,LB GLDNCREME CUPCK8P,1,100.00,38.46,0,0,0,0,0,0,0,0,0,0,0,0,0
SWEET BAKED GOODS,ENTENMANNS BRANDS,EN LITTLE BITES,LB MRSHM HCHOC MFN5P,1,100.00,2.86,0,0,0,0,0,0,0,0,0,0,0,0,0
SWEET BAKED GOODS,ENTENMANNS BRANDS,EN LITTLE BITES,LB PARTY CAKE MFN 5P,0,-80.00,6.25,0,0,0,0,0,0,0,0,0,0,0,0,0
SWEET BAKED GOODS,ENTENMANNS BRANDS,EN LITTLE BITES,LB PUMPKIN MFN MX 5P,0,-100.00,0.00,0,0,0,0,0,0,0,0,0,0,0,0,0
SWEET BAKED GOODS,ENTENMANNS BRANDS,EN LITTLE BITES,LB PUMPKIN MFN5P MX,1,100.00,0.00,0,0,0,0,0,0,0,0,0,0,0,0,0
SWEET BAKED GOODS,ENTENMANNS BRANDS,EN LITTLE BITES,LB S'MORES MFN 5P,1,100.00,0.00,0,0,0,0,0,2,0,0,0,0,2,2,2
SWEET BAKED GOODS,ENTENMANNS BRANDS,EN LITTLE BITES,LB SDOODLE MUFF MEXI,1,1.89,0.00,0,0,0,0,0,0,0,18,0,0,0,0,18
SWEET BAKED GOODS,ENTENMANNS BRANDS,EN LITTLE BITES,LB STWBRY YOGT MFN5P,1,"5,700.00",0.00,0,0,0,0,0,0,0,0,0,0,0,0,0
SWEET BAKED GOODS,MARINELA,,,215,4.32,2.75,6,6,6,124,0,35,46,28,110,0,35,171,219
SWEET BAKED GOODS,MARINELA,MR-BX-COOKIES,,104,-0.43,0.73,1,0,0,39,0,15,20,12,48,0,15,54,95
SWEET BAKED GOODS,MARINELA,MR-BX-COOKIES,MLA BRRITA PNA BX8P,17,5.04,0.80,0,0,0,9,0,2,3,3,8,0,2,11,16
SWEET BAKED GOODS,MARINELA,MR-BX-COOKIES,MLA BRRITA STR BX8P,28,-10.66,0.82,0,0,0,10,0,5,7,4,15,0,5,15,31
SWEET BAKED GOODS,MARINELA,MR-BX-COOKIES,MLA CANELITAS BX8P,20,11.41,0.20,0,0,0,10,0,3,5,2,10,0,3,13,20
SWEET BAKED GOODS,MARINELA,MR-BX-COOKIES,MLA CARIBENAS BX8P,8,9.60,0.23,0,0,0,0,0,0,2,0,4,0,0,0,6
SWEET BAKED GOODS,MARINELA,MR-BX-COOKIES,MLA GANSITOCKY BX10P,8,-29.53,0.63,0,0,0,0,0,3,0,0,3,0,3,3,6
SWEET BAKED GOODS,MARINELA,MR-BX-COOKIES,MLA POLVORONES BX8P,14,42.58,0.54,0,0,0,10,0,2,2,2,6,0,2,12,12
SWEET BAKED GOODS,MARINELA,MR-BX-COOKIES,MLA SUAVICM NAPX30P,3,-29.88,2.84,0,0,0,0,0,0,1,1,0,0,0,0,2
SWEET BAKED GOODS,MARINELA,MR-BX-COOKIES,MLA TARTNA STR BX8P,5,-5.00,2.11,0,0,0,0,0,0,0,0,2,0,0,0,2
SWEET BAKED GOODS,MARINELA,MR-BX-SNACK CAKES,,96,0.26,4.72,5,6,6,85,0,17,24,16,55,0,17,114,112
SWEET BAKED GOODS,MARINELA,MR-BX-SNACK CAKES,MLA CHOCOROL BX8P,6,-31.57,0.89,0,0,0,5,0,6,0,0,0,0,6,11,6
SWEET BAKED GOODS,MARINELA,MR-BX-SNACK CAKES,MLA GANSITO BX8P,52,4.09,1.48,1,0,0,60,0,11,16,10,35,0,11,71,72
SWEET BAKED GOODS,MARINELA,MR-BX-SNACK CAKES,MLA GANSITO CH BX8P,3,-53.10,31.45,1,0,0,0,0,0,0,0,0,0,0,0,0
SWEET BAKED GOODS,MARINELA,MR-BX-SNACK CAKES,MLA GANSITO CL24P,20,47.62,2.93,1,6,6,15,0,0,6,6,15,0,0,27,27
SWEET BAKED GOODS,MARINELA,MR-BX-SNACK CAKES,MLA GANSITO LED BX8P,2,100.00,33.33,1,0,0,0,0,0,0,0,0,0,0,0,0
SWEET BAKED GOODS,MARINELA,MR-BX-SNACK CAKES,MLA NAPOLITANO BX5P,3,-17.41,10.24,0,0,0,0,0,0,0,0,0,0,0,0,0
SWEET BAKED GOODS,MARINELA,MR-BX-SNACK CAKES,MLA PINGUINO BX8P,7,-11.59,6.94,1,0,0,5,0,0,2,0,5,0,0,5,7
SWEET BAKED GOODS,MARINELA,MR-BX-SNACK CAKES,MLA SUBMRNO STR BX8P,2,-33.71,32.20,1,0,0,0,0,0,0,0,0,0,0,0,0
SWEET BAKED GOODS,MARINELA,MR-BX-SNACK CAKES,MLA SUBMRNO VAN BX8P,0,-100.00,0.00,0,0,0,0,0,0,0,0,0,0,0,0,0
SWEET BAKED GOODS,MARINELA,MR-MP-COOKIES,,16,134.38,4.00,1,0,0,0,0,3,2,0,7,0,3,3,12
SWEET BAKED GOODS,MARINELA,MR-MP-COOKIES,MLA BRRITA PNA MF6P,0,-100.00,0.00,0,0,0,0,0,0,0,0,0,0,0,0,0
SWEET BAKED GOODS,MARINELA,MR-MP-COOKIES,MLA BRRITA STR MF6P,6,413.85,8.38,1,0,0,0,0,0,0,0,2,0,0,0,2
SWEET BAKED GOODS,MARINELA,MR-MP-COOKIES,MLA SPONCH MF6P,9,75.36,1.02,0,0,0,0,0,3,2,0,5,0,3,3,10
SWEET BAKED GOODS,MRS BAIRDS SBG,,,398,50.55,1.64,7,48,48,56,96,64,82,50,53,128,64,312,377
SWEET BAKED GOODS,MRS BAIRDS SBG,MB DONUTS POPETTES,,378,54.35,0.80,3,48,48,48,96,64,80,48,48,128,64,304,368
SWEET BAKED GOODS,MRS BAIRDS SBG,MB DONUTS POPETTES,MB POWDER SUG DO BAG,0,-100.00,0.00,0,0,0,0,0,0,0,0,0,0,0,0,0
SWEET BAKED GOODS,MRS BAIRDS SBG,MB DONUTS POPETTES,MB SNK BAG CHOC DNT,107,74.96,0.95,1,16,16,16,32,16,32,16,16,32,16,96,112
SWEET BAKED GOODS,MRS BAIRDS SBG,MB DONUTS POPETTES,MB SNK BAG CINN DNT,54,55.27,1.19,1,0,0,0,0,16,0,0,0,16,16,16,32
SWEET BAKED GOODS,MRS BAIRDS SBG,MB DONUTS POPETTES,MB SNK BAG POWDERDNT,218,46.44,0.63,1,32,32,32,64,32,48,32,32,80,32,192,224
SWEET BAKED GOODS,MRS BAIRDS SBG,MB SS DANISH-SWTROLL,,3,100.00,7.48,0,0,0,0,0,0,0,0,0,0,0,0,0
SWEET BAKED GOODS,MRS BAIRDS SBG,MB SS DANISH-SWTROLL,MB HONEY BUNS,2,100.00,2.50,0,0,0,0,0,0,0,0,0,0,0,0,0
SWEET BAKED GOODS,MRS BAIRDS SBG,MB SS DANISH-SWTROLL,MB SNACK CINN ROLL,1,100.00,27.66,0,0,0,0,0,0,0,0,0,0,0,0,0
SWEET BAKED GOODS,MRS BAIRDS SBG,MB SS DONUTS,,3,100.00,69.90,2,0,0,0,0,0,0,0,0,0,0,0,0
SWEET BAKED GOODS,MRS BAIRDS SBG,MB SS DONUTS,MB SS CHOC DONUTS,1,100.00,105.58,1,0,0,0,0,0,0,0,0,0,0,0,0
SWEET BAKED GOODS,MRS BAIRDS SBG,MB SS DONUTS,MB SS CINN SUGAR DON,0,100.00,60.00,0,0,0,0,0,0,0,0,0,0,0,0,0
SWEET BAKED GOODS,MRS BAIRDS SBG,MB SS DONUTS,MB SS SNACK DONUTS,2,100.00,53.21,1,0,0,0,0,0,0,0,0,0,0,0,0
SWEET BAKED GOODS,MRS BAIRDS SBG,MB SS PIES,,2,100.00,7.47,0,0,0,0,0,0,0,0,0,0,0,0,0
SWEET BAKED GOODS,MRS BAIRDS SBG,MB SS PIES,MB SS APPLE PIE,1,100.00,10.50,0,0,0,0,0,0,0,0,0,0,0,0,0
SWEET BAKED GOODS,MRS BAIRDS SBG,MB SS PIES,MB SS CHERRY PIE,1,100.00,2.26,0,0,0,0,0,0,0,0,0,0,0,0,0
SWEET BAKED GOODS,MRS BAIRDS SBG,MB SWT ROLLS-BUNS,,12,-39.60,10.60,1,0,0,8,0,0,2,2,5,0,0,8,9
SWEET BAKED GOODS,MRS BAIRDS SBG,MB SWT ROLLS-BUNS,MB CLUST CINN RL 6P,12,-39.60,10.60,1,0,0,8,0,0,2,2,5,0,0,8,9
SWEET BAKED GOODS,SARA LEE FRESH SBG,,,14,-18.34,54.40,8,0,20,0,0,3,0,0,0,0,3,23,3
SWEET BAKED GOODS,SARA LEE FRESH SBG,SL FRESH SBG DONUTS,,7,100.00,82.15,6,0,20,0,0,3,0,0,0,0,3,23,3
SWEET BAKED GOODS,SARA LEE FRESH SBG,SL FRESH SBG DONUTS,SL FRST DONUTS 8P BX,2,100.00,93.90,1,0,0,0,0,0,0,0,0,0,0,0,0
SWEET BAKED GOODS,SARA LEE FRESH SBG,SL FRESH SBG DONUTS,SL GLZD DON HOLES BX,2,100.00,116.80,3,0,2,0,0,2,0,0,0,0,2,4,2
SWEET BAKED GOODS,SARA LEE FRESH SBG,SL FRESH SBG DONUTS,SL VAR DONUT12P BX,3,100.00,41.78,1,0,18,0,0,1,0,0,0,0,1,19,1
SWEET BAKED GOODS,SARA LEE FRESH SBG,SL FRESH SBG DONUTS,SL VAR DONUTS 8P BX,0,0.00,0.00,0,0,0,0,0,0,0,0,0,0,0,0,0
SWEET BAKED GOODS,SARA LEE FRESH SBG,SL FRESH SBG SNCK CK,,7,-57.35,29.02,2,0,0,0,0,0,0,0,0,0,0,0,0
SWEET BAKED GOODS,SARA LEE FRESH SBG,SL FRESH SBG SNCK CK,SL BROWNIE CC CK 7P,2,100.00,21.21,0,0,0,0,0,0,0,0,0,0,0,0,0
SWEET BAKED GOODS,SARA LEE FRESH SBG,SL FRESH SBG SNCK CK,SL BUTTER SUNSH 6P9Z,0,-100.00,0.00,0,0,0,0,0,0,0,0,0,0,0,0,0
SWEET BAKED GOODS,SARA LEE FRESH SBG,SL FRESH SBG SNCK CK,SL CHEESE CRMB 6P12,0,-100.00,0.00,0,0,0,0,0,0,0,0,0,0,0,0,0
SWEET BAKED GOODS,SARA LEE FRESH SBG,SL FRESH SBG SNCK CK,SL CHOC CRM CK8P12.7,1,-67.74,0.00,0,0,0,0,0,0,0,0,0,0,0,0,0
SWEET BAKED GOODS,SARA LEE FRESH SBG,SL FRESH SBG SNCK CK,SL CRUMB CAKES 6P12,1,-86.46,54.84,0,0,0,0,0,0,0,0,0,0,0,0,0
SWEET BAKED GOODS,SARA LEE FRESH SBG,SL FRESH SBG SNCK CK,SL DEVILCRM CK8P12.5,4,-25.38,23.20,1,0,0,0,0,0,0,0,0,0,0,0,0
SWEET BAKED GOODS,SARA LEE FRESH SBG,SL FRESH SBG SNCK CK,SL DEVILSFD CK8P13Z,-1,-100.00,0.00,0,0,0,0,0,0,0,0,0,0,0,0,0
SWEET BAKED GOODS,SARA LEE FRESH SBG,SL FRESH SBG SNCK CK,SL GLDENCRM CK8P12.1,0,-100.00,0.00,0,0,0,0,0,0,0,0,0,0,0,0,0
SWEET BAKED GOODS,SARA LEE FRESH SBG,SL FRESH SBG SNCK CK,SL GLDENFDG CK8P13,1,-80.98,60.00,0,0,0,0,0,0,0,0,0,0,0,0,0
SWEET BAKED GOODS,SARA LEE FRESH SBG,SL FRESH SBG SNCK CK,SL SNICKRDL CK7P10.5,0,100.00,50.00,0,0,0,0,0,0,0,0,0,0,0,0,0
SWEET BAKED GOODS,SARA LEE FRESH SBG,SL FRESH SBG SNCK CK,SL SPKLED BROWNIE 7P,0,100.00,0.00,0,0,0,0,0,0,0,0,0,0,0,0,0
,,,,,,,,0,0,0,0,0,0,0,0,0,0,0,0
Totals,,,,"9,478",-5.98,3.96,375,1842,1486,1419,3211,1843,1957,1295,1359,2838,1843,9801,9292
